CustomerID,FirstName,LastName,Country,JoinDate
C-001,Hugo,Durand,France,2024-08-18
C-002,Amelia,Smith,United Kingdom,2025-08-25
C-003,David,Fiala,Czech Republic,2024-08-13
C-004,William,Johnson,United States,2024-08-22
C-005,George,Thompson,United Kingdom,2024-03-13
C-006,David,Horak,Czech Republic,2025-11-16
C-007,Leo,Roux,France,2024-05-15
C-008,Gabriel,David,France,2025-02-20
C-009,Ioannis,Nikolaidis,Greece,2025-11-05
C-010,Emma,Richter,Germany,2025-02-24
C-011,Louis,Thomas,France,2024-03-03
C-012,Anna,Fischer,Germany,2024-09-11
C-013,Christos,Markopoulos,Greece,2025-04-04
C-014,Salome,Lomidze,Georgia,2024-10-12
C-015,Gabriel,Dubois,France,2025-03-29
C-016,Matej,Svoboda,Czech Republic,2025-10-29
C-017,Jan,Novotny,Czech Republic,2024-08-30
C-018,Salome,Tsereteli,Georgia,2025-05-07
C-019,Katerina,Georgiou,Greece,2024-06-17
C-020,Lukas,Bauer,Germany,2024-09-28
C-021,Thomas,Michel,France,2025-12-14
C-022,Veronika,Cerny,Czech Republic,2024-07-13
C-023,Marco,Russo,Italy,2025-08-16
C-024,Jakub,Pokorny,Czech Republic,2024-02-28
C-025,Harper,Thompson,United States,2025-05-29
C-026,Filip,Svoboda,Czech Republic,2025-06-04
C-027,Jacob,Taylor,United Kingdom,2025-09-01
C-028,Oscar,Walker,United Kingdom,2024-05-02
C-029,Ioanna,Samaras,Greece,2024-02-10
C-030,Emily,Clarke,United Kingdom,2025-08-01
C-031,Anna,Horak,Czech Republic,2024-07-28
C-032,Javier,Gomez,Spain,2025-02-09
C-033,Beka,Metreveli,Georgia,2024-11-19
C-034,Oliver,Roberts,United Kingdom,2025-09-28
C-035,Harry,Thomas,United Kingdom,2024-08-06
C-036,Lukas,Cerny,Czech Republic,2024-12-23
C-037,Oscar,Evans,United Kingdom,2024-10-18
C-038,Tamar,Nadiradze,Georgia,2025-12-21
C-039,Elisa,Giordano,Italy,2024-01-09
C-040,Martin,Dvorak,Czech Republic,2024-05-17
C-041,Alessandro,Esposito,Italy,2025-07-20
C-042,Andria,Chikovani,Georgia,2025-09-11
C-043,Maria,Antoniou,Greece,2025-12-04
C-044,Martina,Costa,Italy,2024-09-14
C-045,William,Martin,United States,2024-10-10
C-046,James,Thomas,United States,2024-05-13
C-047,Leonardo,Mancini,Italy,2025-07-18
C-048,Clara,Muller,Germany,2024-04-24
C-049,Charlie,Thomas,United Kingdom,2024-02-06
C-050,Carmen,Romero,Spain,2024-05-31
C-051,Jonas,Schmidt,Germany,2024-11-11
C-052,Daniel,Ruiz,Spain,2024-08-03
C-053,Ioannis,Petrou,Greece,2025-07-27
C-054,Laura,Weber,Germany,2024-08-30
C-055,Irakli,Gvasalia,Georgia,2024-01-26
C-056,Nino,Gvasalia,Georgia,2025-11-16
C-057,Andreas,Vlachos,Greece,2025-12-19
C-058,Isla,Jones,United Kingdom,2025-04-26
C-059,Christos,Stavropoulos,Greece,2024-12-24
C-060,Luca,Ricci,Italy,2024-01-25
C-061,Katerina,Katsaros,Greece,2024-10-12
C-062,Arthur,Evans,United Kingdom,2025-10-18
C-063,Eliska,Benes,Czech Republic,2024-12-05
C-064,David,Anderson,United States,2024-07-01
C-065,Matteo,Esposito,Italy,2025-09-02
C-066,Emma,Schafer,Germany,2025-03-22
C-067,Matej,Pospisil,Czech Republic,2025-08-13
C-068,Andreas,Georgiou,Greece,2025-12-26
C-069,Lukas,Schroder,Germany,2025-07-05
C-070,Eleni,Alexiou,Greece,2024-03-12
C-071,Alba,Jimenez,Spain,2025-11-10
C-072,Henry,Hall,United Kingdom,2024-11-12
C-073,Anna,Bauer,Germany,2025-12-14
C-074,Giorgia,Bianchi,Italy,2024-07-15
C-075,Mia,Meyer,Germany,2025-09-22
C-076,Francesca,Rizzo,Italy,2024-01-01
C-077,Giuseppe,Colombo,Italy,2025-03-16
C-078,Paula,Moreno,Spain,2025-03-28
C-079,Dimitra,Giannakopoulos,Greece,2024-06-22
C-080,Henry,Hall,United Kingdom,2025-11-10
C-081,Pablo,Perez,Spain,2025-11-19
C-082,Luca,Colombo,Italy,2024-05-30
C-083,Michael,Wilson,United States,2025-05-01
C-084,Poppy,White,United Kingdom,2025-10-06
C-085,Katerina,Giannakopoulos,Greece,2025-02-13
C-086,Konstantinos,Papadopoulos,Greece,2024-04-19
C-087,Noah,Meyer,Germany,2025-12-13
C-088,Adeila,Svoboda,Czech Republic,2025-07-24
C-089,Ioannis,Stavropoulos,Greece,2024-05-16
C-090,Manon,Roux,France,2025-09-01
C-091,Paula,Navarro,Spain,2025-05-31
C-092,Clara,Klein,Germany,2024-06-11
C-093,Chloe,Leroy,France,2024-09-10
C-094,Martina,Costa,Italy,2025-10-03
C-095,Andreas,Stavropoulos,Greece,2024-03-20
C-096,Luca,Marino,Italy,2024-12-09
C-097,Emma,Gonzalez,Spain,2024-05-21
C-098,Giorgi,Dolidze,Georgia,2025-12-11
C-099,Levan,Gelashvili,Georgia,2025-02-28
C-100,Anna,Neumann,Germany,2025-04-22
C-101,Leon,Wagner,Germany,2025-03-06
C-102,Marie,Muller,Germany,2025-08-12
C-103,Lena,Muller,Germany,2024-12-26
C-104,Francesca,De Luca,Italy,2025-07-05
C-105,Barbora,vesely,Czech Republic,2025-05-14
C-106,Andreas,Alexiou,Greece,2025-05-12
C-107,Sophia,Thomas,United States,2025-11-15
C-108,Maximilian,Klein,Germany,2024-05-10
C-109,Jan,Pospisil,Czech Republic,2025-08-29
C-110,William,Martin,United States,2024-05-18
C-111,Jules,Bernard,France,2024-09-23
C-112,Anna,Wagner,Germany,2025-04-10
C-113,Lucia,Hernandez,Spain,2024-10-11
C-114,Finn,Schneider,Germany,2025-04-26
C-115,Amelia,Johnson,United States,2024-12-24
C-116,Nikolaos,Georgiou,Greece,2024-02-01
C-117,Christos,Papadopoulos,Greece,2025-09-28
C-118,Giorgi,Japaridze,Georgia,2025-04-29
C-119,Sophie,Davies,United Kingdom,2025-04-21
C-120,Sofia,Romano,Italy,2025-09-12
C-121,Jacob,Wright,United Kingdom,2024-04-20
C-122,Andrew,Clark,United States,2025-11-24
C-123,Mia,Wagner,Germany,2024-03-18
C-124,Ioannis,Karagiannis,Greece,2025-12-01
C-125,Sophie,Jones,United Kingdom,2024-12-21
C-126,Karolina,Marek,Czech Republic,2024-03-11
C-127,Anna,Novak,Czech Republic,2025-03-06
C-128,Hugo,Michel,France,2025-01-05
C-129,Arthur,Michel,France,2024-06-29
C-130,Lukas,Sedlacek,Czech Republic,2025-07-05
C-131,Chloe,Michel,France,2025-08-29
C-132,Giulia,Ricci,Italy,2024-03-29
C-133,Alice,Ricci,Italy,2025-04-20
C-134,Anna,Muller,Germany,2025-05-21
C-135,Adrian,Munoz,Spain,2024-08-05
C-136,Sergio,Jimenez,Spain,2024-10-13
C-137,Giorgia,Rossi,Italy,2025-06-13
C-138,Nikolaos,Nikolaou,Greece,2025-02-20
C-139,Lea,Durand,France,2025-12-08
C-140,Camille,Garcia,France,2024-01-18
C-141,Henry,Patel,United Kingdom,2025-02-18
C-142,Alexandros,Athanasiou,Greece,2025-01-12
C-143,Lea,Bertrand,France,2024-12-18
C-144,Clara,Schafer,Germany,2024-12-26
C-145,Nathan,Moreau,France,2024-09-14
C-146,Ioannis,Antoniou,Greece,2024-11-19
C-147,Lily,Wilson,United Kingdom,2024-07-15
C-148,Anna,Kostas,Greece,2025-08-26
C-149,Barbora,Nemec,Czech Republic,2024-04-12
C-150,Alexandros,Nikolaou,Greece,2025-01-04
C-151,Beka,Beridze,Georgia,2025-12-26
C-152,Adam,Horak,Czech Republic,2024-02-16
C-153,Amelia,Taylor,United States,2025-12-15
C-154,Elene,Maisuradze,Georgia,2024-01-13
C-155,Aurora,Costa,Italy,2025-03-27
C-156,Adrian,Rodriguez,Spain,2024-09-15
C-157,Hugo,Dubois,France,2025-02-14
C-158,Lucas,Vincent,France,2025-10-06
C-159,John,Jones,United States,2025-07-30
C-160,Francesco,Ricci,Italy,2024-05-01
C-161,Karolina,Sedlacek,Czech Republic,2025-09-02
C-162,Dimitra,Christodoulou,Greece,2025-04-06
C-163,Thomas,Vincent,France,2025-03-15
C-164,Beatrice,Moretti,Italy,2024-03-02
C-165,Noah,Davies,United Kingdom,2024-09-27
C-166,Jacob,Patel,United Kingdom,2024-06-26
C-167,Tomas,Prochazka,Czech Republic,2024-01-03
C-168,Sophie,Zimmermann,Germany,2025-04-26
C-169,Matteo,Ricci,Italy,2024-10-22
C-170,Alice,Ferrari,Italy,2025-12-04
C-171,Andreas,Athanasiou,Greece,2025-11-08
C-172,Sofia,Nikolaidis,Greece,2025-07-11
C-173,Konstantinos,Kostas,Greece,2024-05-25
C-174,George,Wilson,United Kingdom,2024-11-10
C-175,Alice,Esposito,Italy,2025-04-24
C-176,Francesca,Marino,Italy,2025-05-27
C-177,Veronika,Kral,Czech Republic,2024-03-23
C-178,Emma,Thomas,United States,2025-09-10
C-179,Lorenzo,Ferrari,Italy,2024-08-22
C-180,Christopher,Clark,United States,2024-02-11
C-181,Elene,Maisuradze,Georgia,2025-10-29
C-182,Nathan,Richard,France,2025-08-22
C-183,Lena,Schneider,Germany,2025-04-26
C-184,Maria,Jimenez,Spain,2024-11-24
C-185,Jacob,Thompson,United Kingdom,2025-02-25
C-186,Thomas,Lefebvre,France,2025-07-17
C-187,Ava,Williams,United States,2024-11-18
C-188,Giulia,Esposito,Italy,2025-02-17
C-189,Jan,Benes,Czech Republic,2025-04-18
C-190,Leon,Wagner,Germany,2025-06-14
C-191,Alba,Munoz,Spain,2025-10-02
C-192,Louis,Petit,France,2024-09-30
C-193,Adam,Nemec,Czech Republic,2025-03-24
C-194,Hugo,Martin,France,2025-10-07
C-195,Panagiotis,Karagiannis,Greece,2025-07-18
C-196,Amelia,Martin,United States,2024-04-05
C-197,Ioannis,Stavropoulos,Greece,2024-04-30
C-198,Elene,Chikovani,Georgia,2025-06-05
C-199,Chiara,Costa,Italy,2025-04-28
C-200,Georgia,Markopoulos,Greece,2024-05-28
C-201,Elias,Zimmermann,Germany,2025-06-04
C-202,Luka,Kiknadze,Georgia,2025-02-28
C-203,Valeria,Gomez,Spain,2024-01-03
C-204,Giuseppe,Lombardi,Italy,2025-08-16
C-205,Arthur,Garcia,France,2025-07-05
C-206,Louise,Simon,France,2025-07-19
C-207,Eliska,Kral,Czech Republic,2024-11-25
C-208,Vasilis,Athanasiou,Greece,2025-01-27
C-209,Sofia,Georgiou,Greece,2024-11-21
C-210,Jade,Lefebvre,France,2025-11-10
C-211,Elene,Kapanadze,Georgia,2024-05-09
C-212,Kate?ina,Pokorny,Czech Republic,2024-04-12
C-213,Hugo,Bertrand,France,2025-04-12
C-214,John,Martin,United States,2025-11-01
C-215,Luka,Tsereteli,Georgia,2024-09-28
C-216,Alba,Hernandez,Spain,2025-10-27
C-217,Amelia,Thomas,United Kingdom,2025-01-24
C-218,Julia,Romero,Spain,2024-02-06
C-219,Oscar,Wright,United Kingdom,2024-08-20
C-220,Emily,Brown,United Kingdom,2025-10-10
C-221,Poppy,Wilson,United Kingdom,2025-12-11
C-222,Lorenzo,Russo,Italy,2024-11-28
C-223,Andrew,Moore,United States,2025-01-18
C-224,Jonas,Becker,Germany,2025-06-27
C-225,Marie,Meyer,Germany,2024-06-23
C-226,Luka,Tabatadze,Georgia,2025-01-26
C-227,Anna,Athanasiou,Greece,2024-05-26
C-228,Georgia,Kostas,Greece,2025-04-15
C-229,Lorenzo,Mancini,Italy,2024-10-21
C-230,Filip,Novotny,Czech Republic,2025-03-28
C-231,Carmen,Martin,Spain,2025-10-16
C-232,Finn,Klein,Germany,2024-11-05
C-233,Katerina,Giannakopoulos,Greece,2024-04-19
C-234,Katerina,Athanasiou,Greece,2025-01-02
C-235,Giuseppe,Rossi,Italy,2025-11-05
C-236,Finn,Muller,Germany,2025-08-02
C-237,Evelyn,Thompson,United States,2024-10-20
C-238,Theodora,Petrou,Greece,2024-08-12
C-239,Theodora,Kostas,Greece,2025-11-25
C-240,Saba,Kapanadze,Georgia,2024-11-12
C-241,Louis,Vincent,France,2025-01-08
C-242,Luka,Chikovani,Georgia,2024-11-30
C-243,Maximilian,Wagner,Germany,2024-05-15
C-244,Tereza,Ruzicka,Czech Republic,2025-05-28
C-245,Leonardo,Marino,Italy,2025-05-08
C-246,Giulia,Esposito,Italy,2025-04-24
C-247,Charlie,Patel,United Kingdom,2025-11-23
C-248,Clara,Koch,Germany,2024-04-02
C-249,Lukas,Schulz,Germany,2025-07-03
C-250,Poppy,Evans,United Kingdom,2025-11-19
C-251,Beatrice,Conti,Italy,2025-10-15
C-252,Hugo,Perez,Spain,2025-04-27
C-253,Evelyn,Harris,United States,2024-12-01
C-254,Nikolaos,Stavropoulos,Greece,2025-12-18
C-255,Chiara,Esposito,Italy,2024-05-23
C-256,Michael,Taylor,United States,2025-05-19
C-257,Jack,Patel,United Kingdom,2025-07-04
C-258,Ana,Metreveli,Georgia,2025-01-14
C-259,Karolina,Fiala,Czech Republic,2024-06-07
C-260,Felix,Wolf,Germany,2025-09-22
C-261,Finn,Schmidt,Germany,2025-12-07
C-262,David,Moreno,Spain,2025-03-31
C-263,Eleni,Nikolaidis,Greece,2025-12-03
C-264,Emma,Ruiz,Spain,2024-03-03
C-265,Finn,Wagner,Germany,2024-05-05
C-266,Lucas,Petit,France,2025-10-19
C-267,Michael,Thomas,United States,2024-09-06
C-268,Natia,Abashidze,Georgia,2024-03-11
C-269,Ondrej,Fiala,Czech Republic,2024-08-09
C-270,Maria,Pappas,Greece,2025-09-02
C-271,Christopher,Jones,United States,2024-05-13
C-272,Lukas,Prochazka,Czech Republic,2024-04-22
C-273,John,Smith,United States,2025-01-01
C-274,Ioanna,Katsaros,Greece,2024-01-17
C-275,Andria,Kapanadze,Georgia,2024-05-09
C-276,Lea,Fischer,Germany,2024-03-06
C-277,Chloe,Laurent,France,2025-06-09
C-278,Poppy,Hall,United Kingdom,2024-08-14
C-279,Charlotte,Taylor,United States,2025-04-14
C-280,Michael,Thompson,United States,2025-02-15
C-281,Felix,Wolf,Germany,2025-12-30
C-282,Lucas,Dubois,France,2024-11-25
C-283,Luka,Japaridze,Georgia,2024-10-08
C-284,Anna,Pospisil,Czech Republic,2025-09-03
C-285,Martin,Kral,Czech Republic,2025-06-01
C-286,Felix,Fischer,Germany,2025-11-01
C-287,Ondrej,Hajek,Czech Republic,2025-04-07
C-288,Sofia,Katsaros,Greece,2025-04-09
C-289,Hannah,Fischer,Germany,2024-11-16
C-290,Anna,Schulz,Germany,2025-01-18
C-291,Elene,Gelashvili,Georgia,2024-04-03
C-292,Harry,White,United Kingdom,2024-04-08
C-293,Mateo,Romero,Spain,2024-03-02
C-294,Lucie,Pokorny,Czech Republic,2025-11-17
C-295,Emily,Evans,United Kingdom,2025-11-12
C-296,Leon,Hoffmann,Germany,2025-09-06
C-297,Sofia,Esposito,Italy,2025-08-14
C-298,Ondrej,Cerny,Czech Republic,2025-11-03
C-299,Gabriel,Thomas,France,2024-12-24
C-300,Tereza,Dvorak,Czech Republic,2024-10-12
C-301,Sofia,Markopoulos,Greece,2025-09-28
C-302,Jan,Sedlacek,Czech Republic,2025-11-04
C-303,Lorenzo,Romano,Italy,2024-10-06
C-304,Giulia,Gallo,Italy,2024-01-07
C-305,Davit,Sharashidze,Georgia,2025-11-04
C-306,Paul,Weber,Germany,2025-10-10
C-307,William,White,United States,2024-08-08
C-308,Hannah,Klein,Germany,2024-12-15
C-309,Mariam,Chikovani,Georgia,2024-11-28
C-310,George,Williams,United Kingdom,2024-06-10
C-311,William,Anderson,United States,2025-03-29
C-312,Lena,Zimmermann,Germany,2025-03-28
C-313,Finn,Wagner,Germany,2025-06-08
C-314,Olivia,White,United Kingdom,2024-04-23
C-315,Beatrice,Costa,Italy,2025-06-23
C-316,Matteo,Ricci,Italy,2025-02-08
C-317,James,Davis,United States,2024-11-04
C-318,Konstantinos,Kostas,Greece,2024-10-23
C-319,Hugo,Garcia,Spain,2025-05-24
C-320,Maximilian,Weber,Germany,2025-01-24
C-321,David,Ruzicka,Czech Republic,2025-07-26
C-322,Pablo,Hernandez,Spain,2024-02-13
C-323,Lukas,Klein,Germany,2024-03-20
C-324,Carmen,Diaz,Spain,2025-08-10
C-325,Hannah,Hoffmann,Germany,2024-04-27
C-326,Lukas,Schafer,Germany,2024-06-24
C-327,Louise,Dubois,France,2025-03-23
C-328,Oscar,White,United Kingdom,2025-08-26
C-329,Lea,Schneider,Germany,2025-02-09
C-330,Giulia,Ricci,Italy,2024-12-07
C-331,Luka,Maisuradze,Georgia,2025-10-10
C-332,Isabella,Hall,United Kingdom,2024-07-17
C-333,Sofia,Lopez,Spain,2024-08-29
C-334,Charlie,Robinson,United Kingdom,2024-07-21
C-335,Maka,Japaridze,Georgia,2025-11-02
C-336,Jacob,Green,United Kingdom,2025-04-20
C-337,Ines,Fournier,France,2024-11-26
C-338,Mateo,Moreno,Spain,2024-03-10
C-339,Chloe,Moreau,France,2024-10-08
C-340,Olivia,White,United States,2024-03-16
C-341,Alice,Mancini,Italy,2024-02-08
C-342,Olivia,Taylor,United States,2024-03-19
C-343,Grace,Jackson,United Kingdom,2025-06-03
C-344,Sophie,Schwarz,Germany,2025-07-21
C-345,Ava,Clark,United States,2025-10-29
C-346,Maria,Samaras,Greece,2025-05-02
C-347,Adam,Svoboda,Czech Republic,2025-04-06
C-348,Amelia,Taylor,United Kingdom,2025-05-31
C-349,Nika,Tsiklauri,Georgia,2025-12-25
C-350,Chloe,Bertrand,France,2025-06-19
C-351,Mariam,Khutsishvili,Georgia,2024-10-16
C-352,Hannah,Schafer,Germany,2025-11-26
C-353,Emily,Williams,United States,2024-12-03
C-354,Lily,Walker,United Kingdom,2024-10-17
C-355,Elisa,Bianchi,Italy,2024-12-07
C-356,Sophie,Williams,United Kingdom,2024-12-24
C-357,Francesca,Bianchi,Italy,2025-09-01
C-358,Henry,Thomas,United Kingdom,2025-01-20
C-359,Mateo,Alvarez,Spain,2024-04-05
C-360,Lea,Koch,Germany,2024-01-19
C-361,Carlos,Martinez,Spain,2024-08-07
C-362,Julia,Sanchez,Spain,2024-08-19
C-363,Davit,Gelashvili,Georgia,2024-10-29
C-364,Isabella,Thomas,United Kingdom,2025-06-23
C-365,Emily,Lewis,United States,2024-05-14
C-366,Jonas,Meyer,Germany,2024-07-04
C-367,Tamar,Kapanadze,Georgia,2025-02-24
C-368,Javier,Moreno,Spain,2025-09-17
C-369,Alice,Ricci,Italy,2025-06-30
C-370,Alexandros,Giannakopoulos,Greece,2024-07-17
C-371,Carmen,Moreno,Spain,2025-04-17
C-372,Francesca,Giordano,Italy,2025-06-24
C-373,Maximilian,Wagner,Germany,2025-09-11
C-374,Andria,Kapanadze,Georgia,2025-10-18
C-375,Louise,Roux,France,2024-04-15
C-376,Matej,Nemec,Czech Republic,2024-03-26
C-377,Andria,Metreveli,Georgia,2025-06-09
C-378,Salome,Gelashvili,Georgia,2024-08-15
C-379,Louise,Martin,France,2025-02-28
C-380,Sophia,White,United States,2025-01-17
C-381,Katerina,Dimitriou,Greece,2025-01-18
C-382,Georgios,Katsaros,Greece,2024-04-11
C-383,Mateo,Lopez,Spain,2024-02-09
C-384,Aurora,Bianchi,Italy,2025-12-23
C-385,Chloe,Fournier,France,2024-01-06
C-386,Oliver,Robinson,United Kingdom,2024-08-08
C-387,Ketevan,Tabatadze,Georgia,2025-06-24
C-388,Felix,Hoffmann,Germany,2024-08-31
C-389,Alessandro,Russo,Italy,2024-09-01
C-390,Laura,Klein,Germany,2024-03-05
C-391,Ava,Jackson,United Kingdom,2025-07-02
C-392,Charlotte,Clark,United States,2024-09-04
C-393,Beka,Gvasalia,Georgia,2024-01-02
C-394,Javier,Alonso,Spain,2025-03-02
C-395,Luka,Maisuradze,Georgia,2025-01-04
C-396,Isabella,Thomas,United Kingdom,2025-06-03
C-397,Lucie,Novak,Czech Republic,2025-02-03
C-398,Louis,Lefebvre,France,2025-01-17
C-399,Lorenzo,Gallo,Italy,2024-03-10
C-400,Javier,Fernandez,Spain,2025-08-18
C-401,Mateo,Rodriguez,Spain,2024-12-26
C-402,Anna,Prochazka,Czech Republic,2025-12-02
C-403,Camille,Richard,France,2024-05-18
C-404,Poppy,Jones,United Kingdom,2024-10-27
C-405,Dimitrios,Antoniou,Greece,2024-02-12
C-406,Carlos,Alvarez,Spain,2025-02-11
C-407,Veronika,Horak,Czech Republic,2024-02-07
C-408,Alexandros,Petrou,Greece,2024-02-18
C-409,Sergio,Fernandez,Spain,2025-01-11
C-410,Mia,Klein,Germany,2025-01-30
C-411,Adrian,Munoz,Spain,2025-12-09
C-412,Louise,Bertrand,France,2024-09-30
C-413,Emily,Taylor,United Kingdom,2025-03-16
C-414,Ketevan,Chikovani,Georgia,2024-11-24
C-415,Harry,Thompson,United Kingdom,2025-11-07
C-416,Giuseppe,Mancini,Italy,2025-09-09
C-417,Maximilian,Klein,Germany,2024-12-25
C-418,Louis,Laurent,France,2025-09-21
C-419,Finn,Schmidt,Germany,2024-03-17
C-420,Emma,Schroder,Germany,2025-11-26
C-421,Giorgi,Japaridze,Georgia,2025-09-14
C-422,Louis,Robert,France,2024-03-09
C-423,Eleni,Petrou,Greece,2025-01-27
C-424,Evelyn,Jones,United States,2025-11-26
C-425,Louise,Laurent,France,2025-03-30
C-426,Sophie,Williams,United Kingdom,2025-06-26
C-427,Martina,Jimenez,Spain,2025-10-27
C-428,Luca,Esposito,Italy,2024-01-27
C-429,Elene,Maisuradze,Georgia,2025-01-31
C-430,Matej,Horak,Czech Republic,2024-09-23
C-431,Leo,Fournier,France,2024-10-19
C-432,Leo,Thomas,France,2024-05-18
C-433,Poppy,Wilson,United Kingdom,2025-12-31
C-434,Lucas,Simon,France,2025-11-14
C-435,Pablo,Romero,Spain,2025-07-09
C-436,Giuseppe,Romano,Italy,2025-12-29
C-437,Mariam,Maisuradze,Georgia,2024-08-17
C-438,Noah,Williams,United Kingdom,2024-08-30
C-439,Gabriel,Laurent,France,2025-07-21
C-440,Paula,Romero,Spain,2024-05-12
C-441,Harry,Wright,United Kingdom,2025-02-11
C-442,Manon,Michel,France,2025-02-23
C-443,Charlie,Thompson,United Kingdom,2025-10-19
C-444,Poppy,Roberts,United Kingdom,2025-11-27
C-445,Tereza,Cerny,Czech Republic,2025-07-18
C-446,Davit,Gvasalia,Georgia,2025-05-29
C-447,David,White,United States,2024-06-05
C-448,Leonardo,Romano,Italy,2024-11-26
C-449,Eleni,Theodorou,Greece,2024-10-17
C-450,Arthur,Davies,United Kingdom,2025-10-12
C-451,Lukas,Cerny,Czech Republic,2025-10-02
C-452,Elisa,Rizzo,Italy,2024-04-05
C-453,Filip,Fiala,Czech Republic,2025-08-17
C-454,Irakli,Tabatadze,Georgia,2025-09-11
C-455,Carmen,Rodriguez,Spain,2024-01-30
C-456,George,Clarke,United Kingdom,2024-09-28
C-457,Ioanna,Alexiou,Greece,2025-09-24
C-458,Mia,Harris,United States,2024-10-23
C-459,Aurora,Ricci,Italy,2025-12-02
C-460,Moritz,Klein,Germany,2024-03-15
C-461,Robert,Lee,United States,2025-03-01
C-462,Chloe,Petit,France,2024-12-14
C-463,Nino,Gogoladze,Georgia,2024-12-19
C-464,Jonas,Koch,Germany,2025-06-11
C-465,Matej,Pokorny,Czech Republic,2024-09-04
C-466,Hugo,Leroy,France,2025-04-05
C-467,Konstantinos,Nikolaidis,Greece,2024-02-21
C-468,Francesca,Moretti,Italy,2025-03-04
C-469,Panagiotis,Katsaros,Greece,2025-08-14
C-470,David,Martinez,Spain,2025-05-25
C-471,Adeila,Jelinek,Czech Republic,2024-11-11
C-472,Gabriel,Dubois,France,2025-02-06
C-473,Adeila,vesely,Czech Republic,2024-08-08
C-474,Daniel,Rodriguez,Spain,2024-10-15
C-475,Juliette,David,France,2024-10-19
C-476,Jan,Dvorak,Czech Republic,2025-03-17
C-477,Andria,Khutsishvili,Georgia,2025-02-16
C-478,Daniel,Hernandez,Spain,2024-02-22
C-479,Ondrej,Marek,Czech Republic,2025-07-20
C-480,Francesco,Conti,Italy,2025-05-31
C-481,Lea,Leroy,France,2025-09-30
C-482,Charlie,Brown,United Kingdom,2025-02-07
C-483,Lucia,Romero,Spain,2025-01-09
C-484,Levan,Tabatadze,Georgia,2025-06-05
C-485,Lea,Schmidt,Germany,2024-02-16
C-486,John,Thomas,United States,2025-04-30
C-487,Adeila,Cerny,Czech Republic,2025-09-12
C-488,Adam,Pokorny,Czech Republic,2025-09-19
C-489,Adrian,Hernandez,Spain,2025-09-23
C-490,Beatrice,Bruno,Italy,2025-06-03
C-491,Lucie,Jelinek,Czech Republic,2025-12-26
C-492,Aurora,Rossi,Italy,2025-01-12
C-493,Hugo,Diaz,Spain,2025-08-20
C-494,Lorenzo,Moretti,Italy,2025-04-30
C-495,Beatrice,Lombardi,Italy,2024-08-21
C-496,Harper,Thompson,United States,2024-06-23
C-497,Barbora,Pospisil,Czech Republic,2024-05-31
C-498,Dimitrios,Athanasiou,Greece,2025-12-18
C-499,Noah,Smith,United Kingdom,2025-03-27
C-500,Maria,Lopez,Spain,2025-02-26
