ReturnID,OrderID,ProductID,ReturnDate,ReturnReason
R-001,O-1683,P-025,2025-02-24,Late Delivery
R-002,O-2481,P-077,2025-12-18,Changed Mind
R-003,O-094,P-013,2025-08-30,Not as Expected
R-004,O-1863,P-022,2026-02-03,Damaged
R-005,O-2759,P-044,2025-03-16,Not as Expected
R-006,O-069,P-070,2026-01-27,Damaged
R-007,O-1486,P-070,2025-11-06,Wrong Product
R-008,O-3047,P-057,2026-02-22,Damaged
R-009,O-2340,P-041,2025-06-19,Damaged
R-010,O-771,P-072,2025-12-05,Changed Mind
R-011,O-249,P-005,2025-10-20,Defective
R-012,O-3357,P-053,2025-12-07,Changed Mind
R-013,O-2619,P-073,2025-04-28,Not as Expected
R-014,O-853,P-047,2025-09-22,Changed Mind
R-015,O-2127,P-042,2025-06-20,Changed Mind
R-016,O-1178,P-036,2026-07-01,Changed Mind
R-017,O-2195,P-024,2025-08-28,Not as Expected
R-018,O-2326,P-044,2026-06-15,Wrong Product
R-019,O-1046,P-076,2025-04-03,Late Delivery
R-020,O-850,P-069,2025-08-26,Changed Mind
R-021,O-1156,P-036,2026-02-25,Defective
R-022,O-3331,P-072,2026-01-25,Damaged
R-023,O-1618,P-038,2025-10-20,Damaged
R-024,O-1953,P-011,2026-01-07,Late Delivery
R-025,O-2678,P-003,2026-01-01,Late Delivery
R-026,O-2796,P-013,2025-07-02,Not as Expected
R-027,O-2353,P-049,2025-11-23,Wrong Product
R-028,O-3270,P-055,2026-03-27,Damaged
R-029,O-959,P-048,2026-02-23,Defective
R-030,O-3058,P-026,2025-03-17,Not as Expected
R-031,O-1169,P-045,2025-04-21,Damaged
R-032,O-2224,P-061,2026-03-03,Not as Expected
R-033,O-071,P-017,2025-06-04,Not as Expected
R-034,O-2650,P-034,2026-04-13,Changed Mind
R-035,O-1704,P-009,2025-12-20,Changed Mind
R-036,O-741,P-054,2025-11-06,Wrong Product
R-037,O-2477,P-052,2026-07-29,Wrong Product
R-038,O-2600,P-005,2026-02-18,Defective
R-039,O-2972,P-072,2026-01-14,Defective
R-040,O-438,P-001,2026-02-14,Late Delivery
R-041,O-552,P-029,2026-03-08,Damaged
R-042,O-1896,P-077,2025-09-12,Not as Expected
R-043,O-576,P-027,2026-03-13,Damaged
R-044,O-257,P-063,2025-08-06,Changed Mind
R-045,O-2289,P-061,2025-05-12,Late Delivery
R-046,O-357,P-045,2026-06-10,Damaged
R-047,O-2835,P-068,2025-08-26,Not as Expected
R-048,O-250,P-056,2025-09-15,Damaged
R-049,O-643,P-024,2026-03-27,Damaged
R-050,O-1410,P-010,2025-05-24,Damaged
R-051,O-1110,P-040,2026-06-25,Changed Mind
R-052,O-2289,P-043,2025-05-28,Damaged
R-053,O-540,P-008,2025-09-16,Late Delivery
R-054,O-337,P-025,2025-12-14,Wrong Product
R-055,O-3470,P-022,2025-04-28,Changed Mind
R-056,O-2368,P-044,2025-11-26,Defective
R-057,O-1853,P-012,2026-06-02,Damaged
R-058,O-275,P-022,2025-07-05,Damaged
R-059,O-1146,P-029,2026-02-08,Changed Mind
R-060,O-909,P-026,2026-04-14,Late Delivery
R-061,O-933,P-003,2025-05-23,Not as Expected
R-062,O-2744,P-046,2026-06-06,Changed Mind
R-063,O-1797,P-050,2025-03-14,Changed Mind
R-064,O-3481,P-040,2025-07-27,Wrong Product
R-065,O-1997,P-052,2025-09-05,Late Delivery
R-066,O-1830,P-076,2026-06-09,Defective
R-067,O-2100,P-073,2026-04-23,Changed Mind
R-068,O-774,P-025,2025-12-31,Late Delivery
R-069,O-2742,P-070,2026-01-19,Changed Mind
R-070,O-1671,P-052,2025-10-14,Damaged
R-071,O-2284,P-022,2025-09-09,Changed Mind
R-072,O-3469,P-068,2025-08-20,Late Delivery
R-073,O-1639,P-037,2025-12-17,Damaged
R-074,O-181,P-061,2025-03-27,Wrong Product
R-075,O-1767,P-077,2026-05-03,Late Delivery
R-076,O-204,P-029,2025-03-04,Damaged
R-077,O-1324,P-019,2026-02-22,Not as Expected
R-078,O-3054,P-013,2026-02-24,Late Delivery
R-079,O-098,P-009,2025-06-20,Defective
R-080,O-1595,P-074,2025-07-31,Changed Mind
R-081,O-087,P-006,2026-02-13,Late Delivery
R-082,O-2235,P-064,2026-01-13,Late Delivery
R-083,O-1328,P-070,2025-07-28,Defective
R-084,O-3382,P-062,2025-09-27,Changed Mind
R-085,O-2316,P-044,2026-05-19,Late Delivery
R-086,O-2578,P-014,2026-01-08,Late Delivery
R-087,O-068,P-049,2025-02-08,Late Delivery
R-088,O-2293,P-040,2026-07-26,Changed Mind
R-089,O-1441,P-028,2026-05-28,Changed Mind
R-090,O-3330,P-030,2025-05-23,Late Delivery
R-091,O-463,P-013,2026-06-05,Not as Expected
R-092,O-1376,P-030,2026-03-15,Damaged
R-093,O-2395,P-054,2025-01-21,Late Delivery
R-094,O-773,P-062,2025-02-28,Damaged
R-095,O-654,P-001,2025-12-07,Defective
R-096,O-1594,P-009,2025-02-07,Defective
R-097,O-1449,P-028,2025-03-28,Defective
R-098,O-629,P-042,2026-05-30,Damaged
R-099,O-3327,P-058,2025-04-21,Wrong Product
R-100,O-906,P-043,2025-02-08,Changed Mind
R-101,O-2556,P-032,2025-04-14,Not as Expected
R-102,O-2357,P-012,2026-07-05,Damaged
R-103,O-3115,P-034,2025-07-17,Defective
R-104,O-2726,P-066,2026-01-02,Changed Mind
R-105,O-3129,P-037,2026-04-03,Damaged
R-106,O-715,P-033,2025-07-17,Damaged
R-107,O-462,P-048,2026-05-20,Wrong Product
R-108,O-1533,P-007,2025-09-04,Wrong Product
R-109,O-1200,P-007,2025-09-06,Changed Mind
R-110,O-1630,P-039,2025-09-13,Late Delivery
R-111,O-542,P-078,2025-02-21,Damaged
R-112,O-011,P-039,2025-12-15,Wrong Product
R-113,O-3419,P-064,2025-02-16,Damaged
R-114,O-2748,P-034,2025-10-29,Defective
R-115,O-1798,P-038,2025-03-29,Late Delivery
R-116,O-2182,P-076,2026-01-23,Not as Expected
R-117,O-1904,P-007,2026-04-13,Wrong Product
R-118,O-184,P-075,2026-01-20,Wrong Product
R-119,O-2637,P-063,2026-02-19,Damaged
R-120,O-1779,P-028,2025-06-14,Late Delivery
R-121,O-138,P-071,2025-08-28,Not as Expected
R-122,O-1739,P-078,2025-12-17,Changed Mind
R-123,O-1861,P-030,2025-08-14,Damaged
R-124,O-2234,P-038,2026-05-03,Damaged
R-125,O-2824,P-025,2025-03-10,Late Delivery
R-126,O-2650,P-060,2026-04-16,Defective
R-127,O-3026,P-023,2025-11-15,Late Delivery
R-128,O-2303,P-062,2025-05-20,Not as Expected
R-129,O-861,P-016,2025-08-17,Changed Mind
R-130,O-1585,P-050,2025-09-02,Damaged
R-131,O-2175,P-009,2025-11-05,Defective
R-132,O-3302,P-061,2025-07-04,Late Delivery
R-133,O-1874,P-008,2025-03-15,Defective
R-134,O-1808,P-014,2026-04-28,Not as Expected
R-135,O-1793,P-067,2025-09-01,Defective
R-136,O-2381,P-007,2026-04-28,Defective
R-137,O-574,P-070,2026-06-20,Defective
R-138,O-2508,P-030,2025-06-17,Late Delivery
R-139,O-3465,P-035,2026-03-09,Defective
R-140,O-2339,P-018,2025-09-15,Late Delivery
R-141,O-673,P-075,2025-08-15,Late Delivery
R-142,O-2228,P-008,2025-12-31,Wrong Product
R-143,O-2120,P-075,2026-03-17,Late Delivery
R-144,O-1562,P-006,2025-04-14,Damaged
R-145,O-2984,P-041,2025-06-10,Damaged
R-146,O-2978,P-059,2026-07-28,Not as Expected
R-147,O-688,P-010,2025-05-26,Changed Mind
R-148,O-1391,P-061,2025-11-24,Late Delivery
R-149,O-2037,P-030,2025-12-13,Damaged
R-150,O-2878,P-064,2025-11-21,Late Delivery
R-151,O-383,P-027,2026-05-19,Not as Expected
R-152,O-2896,P-025,2025-10-29,Not as Expected
R-153,O-1883,P-061,2026-02-09,Late Delivery
R-154,O-1079,P-043,2026-05-23,Defective
R-155,O-1299,P-001,2025-11-26,Damaged
R-156,O-992,P-049,2025-05-14,Not as Expected
R-157,O-954,P-016,2025-03-30,Not as Expected
R-158,O-378,P-046,2025-10-18,Damaged
R-159,O-3091,P-018,2026-06-01,Changed Mind
R-160,O-2434,P-065,2025-11-29,Not as Expected
R-161,O-2881,P-004,2026-05-19,Late Delivery
R-162,O-2110,P-017,2025-02-28,Wrong Product
R-163,O-1971,P-010,2025-05-18,Changed Mind
R-164,O-2413,P-052,2026-02-12,Damaged
R-165,O-797,P-016,2025-12-13,Damaged
R-166,O-1839,P-055,2025-05-13,Not as Expected
R-167,O-3263,P-036,2026-05-20,Not as Expected
R-168,O-1300,P-010,2026-01-26,Late Delivery
R-169,O-1628,P-049,2025-09-16,Defective
R-170,O-3475,P-068,2026-04-16,Damaged
R-171,O-2568,P-077,2026-04-12,Late Delivery
R-172,O-3179,P-039,2025-12-25,Changed Mind
R-173,O-2046,P-049,2026-03-06,Not as Expected
R-174,O-545,P-028,2026-04-23,Late Delivery
R-175,O-1910,P-064,2025-07-26,Not as Expected
R-176,O-586,P-053,2025-07-28,Wrong Product
R-177,O-1432,P-035,2025-09-22,Damaged
R-178,O-2889,P-021,2025-03-05,Wrong Product
R-179,O-519,P-029,2025-12-23,Wrong Product
R-180,O-2176,P-038,2025-04-07,Defective
R-181,O-062,P-056,2025-12-04,Not as Expected
R-182,O-357,P-007,2026-07-01,Changed Mind
R-183,O-1504,P-056,2026-06-08,Changed Mind
R-184,O-2869,P-048,2026-05-14,Late Delivery
R-185,O-3274,P-001,2026-01-13,Late Delivery
R-186,O-1262,P-048,2025-03-28,Wrong Product
R-187,O-368,P-063,2025-02-18,Not as Expected
R-188,O-1131,P-077,2025-03-03,Late Delivery
R-189,O-2172,P-029,2026-01-14,Not as Expected
R-190,O-2586,P-040,2025-02-20,Changed Mind
R-191,O-2077,P-020,2025-07-30,Not as Expected
R-192,O-1125,P-018,2025-09-28,Late Delivery
R-193,O-588,P-073,2025-04-04,Late Delivery
R-194,O-1741,P-069,2025-10-30,Late Delivery
R-195,O-3315,P-024,2025-06-16,Wrong Product
R-196,O-1016,P-016,2026-05-28,Damaged
R-197,O-1605,P-036,2026-06-20,Late Delivery
R-198,O-3043,P-004,2025-11-11,Damaged
R-199,O-2860,P-038,2025-10-09,Wrong Product
R-200,O-1964,P-069,2025-03-20,Wrong Product
R-201,O-2967,P-063,2025-08-23,Defective
R-202,O-2646,P-021,2025-03-27,Wrong Product
R-203,O-1790,P-043,2025-01-20,Changed Mind
R-204,O-3418,P-026,2025-05-28,Not as Expected
R-205,O-350,P-008,2025-08-05,Damaged
R-206,O-1296,P-044,2025-07-13,Defective
R-207,O-2309,P-043,2026-05-10,Defective
R-208,O-1189,P-038,2025-03-05,Wrong Product
R-209,O-2621,P-039,2026-06-01,Late Delivery
R-210,O-795,P-035,2026-02-23,Wrong Product
R-211,O-681,P-053,2026-07-28,Not as Expected
R-212,O-3431,P-071,2025-07-01,Not as Expected
R-213,O-723,P-039,2025-08-16,Defective
R-214,O-248,P-073,2026-03-06,Not as Expected
R-215,O-3486,P-039,2025-09-06,Defective
R-216,O-2322,P-062,2026-02-13,Wrong Product
R-217,O-1604,P-036,2026-01-29,Wrong Product
R-218,O-2067,P-059,2026-08-04,Not as Expected
R-219,O-3360,P-019,2026-01-14,Damaged
R-220,O-2766,P-060,2025-06-10,Defective
R-221,O-807,P-058,2025-08-13,Defective
R-222,O-250,P-074,2025-09-21,Changed Mind
R-223,O-2830,P-070,2025-11-21,Defective
R-224,O-2385,P-041,2026-02-03,Not as Expected
R-225,O-755,P-006,2026-02-27,Damaged
R-226,O-2304,P-078,2026-05-13,Late Delivery
R-227,O-1073,P-040,2025-03-24,Defective
R-228,O-2919,P-024,2025-05-22,Wrong Product
R-229,O-1795,P-002,2026-06-07,Wrong Product
R-230,O-1182,P-062,2026-02-24,Defective
R-231,O-3203,P-011,2026-03-11,Late Delivery
R-232,O-1369,P-061,2025-01-27,Late Delivery
R-233,O-3139,P-070,2025-03-12,Wrong Product
R-234,O-223,P-065,2025-02-28,Changed Mind
R-235,O-2212,P-061,2025-08-23,Wrong Product
R-236,O-2969,P-042,2026-05-24,Wrong Product
R-237,O-1517,P-019,2025-03-31,Not as Expected
R-238,O-2678,P-010,2025-12-26,Wrong Product
R-239,O-337,P-044,2025-12-28,Wrong Product
R-240,O-3066,P-060,2025-09-26,Not as Expected
R-241,O-1672,P-017,2026-03-30,Damaged
R-242,O-1358,P-017,2025-11-20,Late Delivery
R-243,O-1294,P-049,2025-12-29,Not as Expected
R-244,O-2265,P-003,2026-06-29,Late Delivery
R-245,O-176,P-063,2026-05-05,Defective
R-246,O-504,P-029,2025-11-10,Wrong Product
R-247,O-397,P-043,2025-04-16,Damaged
R-248,O-2867,P-033,2025-12-09,Wrong Product
R-249,O-070,P-043,2025-09-15,Defective
R-250,O-2865,P-023,2026-01-29,Damaged
R-251,O-2806,P-027,2026-05-03,Not as Expected
R-252,O-151,P-069,2025-06-14,Not as Expected
R-253,O-605,P-075,2026-04-15,Defective
R-254,O-1913,P-041,2025-07-16,Damaged
R-255,O-1520,P-053,2026-05-30,Late Delivery
R-256,O-1107,P-056,2025-08-04,Late Delivery
R-257,O-2379,P-001,2025-11-05,Damaged
R-258,O-2197,P-052,2026-07-28,Not as Expected
R-259,O-2756,P-054,2026-08-05,Wrong Product
R-260,O-2029,P-060,2025-12-25,Changed Mind
R-261,O-1281,P-053,2025-09-01,Defective
R-262,O-3165,P-008,2026-04-03,Late Delivery
R-263,O-2916,P-076,2025-08-11,Not as Expected
R-264,O-2932,P-006,2025-06-08,Late Delivery
R-265,O-1892,P-024,2025-10-14,Not as Expected
R-266,O-2402,P-058,2026-04-11,Damaged
R-267,O-3266,P-008,2025-12-27,Wrong Product
R-268,O-2696,P-054,2025-10-22,Not as Expected
R-269,O-3098,P-058,2025-04-30,Late Delivery
R-270,O-3130,P-001,2025-11-21,Not as Expected
R-271,O-1670,P-054,2025-10-19,Changed Mind
R-272,O-196,P-010,2025-09-28,Late Delivery
R-273,O-2746,P-008,2025-08-24,Defective
R-274,O-016,P-021,2026-02-17,Late Delivery
R-275,O-1260,P-022,2026-02-05,Not as Expected
R-276,O-429,P-005,2026-04-24,Changed Mind
R-277,O-2287,P-072,2026-07-11,Wrong Product
R-278,O-445,P-076,2025-08-24,Damaged
R-279,O-3366,P-058,2026-04-06,Changed Mind
R-280,O-1167,P-058,2026-01-07,Damaged
R-281,O-806,P-036,2025-11-04,Damaged
R-282,O-1859,P-048,2025-01-26,Wrong Product
R-283,O-3205,P-008,2025-06-24,Not as Expected
R-284,O-186,P-058,2025-08-13,Not as Expected
R-285,O-3120,P-051,2025-03-06,Wrong Product
R-286,O-2330,P-004,2025-07-15,Damaged
R-287,O-2805,P-027,2025-06-21,Changed Mind
R-288,O-1513,P-001,2025-06-15,Defective
R-289,O-682,P-072,2026-02-12,Not as Expected
R-290,O-339,P-017,2025-12-31,Late Delivery
R-291,O-2205,P-022,2026-07-09,Changed Mind
R-292,O-2507,P-052,2025-05-20,Not as Expected
R-293,O-009,P-022,2026-06-13,Damaged
R-294,O-1187,P-034,2025-12-07,Changed Mind
R-295,O-3213,P-061,2026-05-09,Late Delivery
R-296,O-767,P-003,2025-09-18,Changed Mind
R-297,O-3163,P-074,2026-02-06,Late Delivery
R-298,O-1798,P-021,2025-03-27,Not as Expected
R-299,O-2980,P-065,2026-01-28,Wrong Product
R-300,O-3204,P-063,2025-05-17,Wrong Product
R-301,O-1370,P-006,2025-06-30,Late Delivery
R-302,O-2153,P-012,2025-12-19,Not as Expected
R-303,O-736,P-017,2026-02-15,Wrong Product
R-304,O-601,P-047,2025-08-08,Not as Expected
R-305,O-2608,P-056,2026-03-18,Not as Expected
R-306,O-2007,P-042,2025-09-13,Changed Mind
R-307,O-1685,P-055,2025-07-10,Changed Mind
R-308,O-2276,P-054,2025-01-30,Wrong Product
R-309,O-2071,P-062,2025-03-15,Changed Mind
R-310,O-3238,P-034,2025-07-18,Defective
R-311,O-2956,P-065,2026-01-12,Defective
R-312,O-2450,P-039,2025-05-04,Wrong Product
R-313,O-593,P-052,2026-03-26,Defective
R-314,O-2538,P-055,2026-04-28,Wrong Product
R-315,O-3105,P-006,2025-04-01,Wrong Product
R-316,O-3305,P-013,2025-02-27,Late Delivery
R-317,O-3412,P-044,2026-06-27,Wrong Product
R-318,O-1806,P-065,2025-02-01,Changed Mind
R-319,O-1026,P-062,2025-04-20,Not as Expected
R-320,O-2420,P-050,2025-11-02,Wrong Product
R-321,O-3007,P-032,2026-04-19,Late Delivery
R-322,O-2832,P-018,2026-05-17,Not as Expected
R-323,O-2767,P-056,2025-06-30,Damaged
R-324,O-661,P-030,2026-01-28,Late Delivery
R-325,O-628,P-048,2026-01-09,Changed Mind
R-326,O-1416,P-001,2025-03-25,Late Delivery
R-327,O-3251,P-001,2026-07-06,Changed Mind
R-328,O-1868,P-005,2026-05-29,Not as Expected
R-329,O-2423,P-078,2025-04-30,Late Delivery
R-330,O-2198,P-032,2026-06-19,Not as Expected
R-331,O-1718,P-057,2025-02-07,Late Delivery
R-332,O-1138,P-069,2026-02-11,Defective
R-333,O-685,P-002,2025-06-09,Damaged
R-334,O-313,P-026,2026-02-03,Changed Mind
R-335,O-268,P-016,2025-11-28,Late Delivery
R-336,O-2669,P-048,2026-05-26,Late Delivery
R-337,O-3146,P-052,2026-05-24,Late Delivery
R-338,O-1245,P-059,2025-08-22,Damaged
R-339,O-2394,P-039,2025-02-07,Wrong Product
R-340,O-924,P-067,2026-01-14,Late Delivery
R-341,O-2713,P-007,2025-09-28,Damaged
R-342,O-2830,P-041,2025-11-02,Not as Expected
R-343,O-729,P-048,2026-04-13,Changed Mind
R-344,O-1951,P-078,2026-03-01,Defective
R-345,O-1782,P-028,2026-05-12,Damaged
R-346,O-474,P-075,2025-04-05,Wrong Product
R-347,O-3066,P-072,2025-10-06,Not as Expected
R-348,O-2354,P-051,2026-03-06,Not as Expected
R-349,O-092,P-067,2026-06-19,Defective
R-350,O-1597,P-002,2025-04-11,Late Delivery
R-351,O-1165,P-057,2026-07-15,Not as Expected
R-352,O-1604,P-014,2026-03-06,Changed Mind
R-353,O-2169,P-074,2025-08-14,Defective
R-354,O-679,P-075,2025-03-28,Damaged
R-355,O-2616,P-002,2026-06-28,Late Delivery
R-356,O-344,P-027,2026-06-13,Late Delivery
R-357,O-1115,P-059,2025-08-22,Damaged
R-358,O-3073,P-076,2025-01-31,Wrong Product
R-359,O-2335,P-036,2025-04-05,Wrong Product
R-360,O-1076,P-039,2026-07-28,Late Delivery
R-361,O-893,P-043,2025-09-10,Late Delivery
R-362,O-2346,P-047,2026-01-25,Not as Expected
R-363,O-2189,P-048,2025-03-10,Not as Expected
R-364,O-953,P-073,2025-08-31,Late Delivery
R-365,O-2891,P-028,2025-06-23,Changed Mind
R-366,O-2795,P-056,2025-10-23,Late Delivery
R-367,O-2855,P-033,2026-05-08,Damaged
R-368,O-407,P-042,2026-04-21,Changed Mind
R-369,O-2136,P-054,2026-04-19,Defective
R-370,O-2530,P-068,2025-07-07,Not as Expected
R-371,O-2034,P-015,2025-02-05,Wrong Product
R-372,O-1343,P-052,2025-10-12,Damaged
R-373,O-2367,P-074,2025-08-16,Changed Mind
R-374,O-961,P-013,2026-03-17,Damaged
R-375,O-1131,P-052,2025-03-16,Not as Expected
R-376,O-3459,P-025,2025-09-18,Late Delivery
R-377,O-2432,P-012,2026-01-19,Late Delivery
R-378,O-2068,P-025,2025-05-22,Defective
R-379,O-3467,P-003,2026-05-18,Wrong Product
R-380,O-3470,P-016,2025-05-02,Wrong Product
R-381,O-2726,P-012,2025-12-16,Wrong Product
R-382,O-2338,P-001,2026-03-13,Changed Mind
R-383,O-1374,P-055,2025-09-06,Changed Mind
R-384,O-618,P-032,2025-10-21,Wrong Product
R-385,O-2274,P-055,2026-03-10,Wrong Product
R-386,O-933,P-074,2025-04-17,Not as Expected
R-387,O-2397,P-019,2026-05-02,Damaged
R-388,O-716,P-009,2026-04-05,Late Delivery
R-389,O-1994,P-072,2026-04-03,Defective
R-390,O-995,P-050,2025-11-02,Late Delivery
R-391,O-021,P-070,2026-05-27,Not as Expected
R-392,O-3447,P-012,2025-03-21,Damaged
R-393,O-3384,P-013,2025-03-29,Changed Mind
R-394,O-3329,P-008,2025-11-26,Changed Mind
R-395,O-2563,P-029,2025-08-07,Changed Mind
R-396,O-2958,P-050,2026-07-01,Not as Expected
R-397,O-500,P-048,2026-03-19,Wrong Product
R-398,O-2741,P-040,2025-08-07,Late Delivery
R-399,O-1786,P-011,2025-02-01,Late Delivery
R-400,O-1606,P-045,2025-09-11,Damaged
R-401,O-3362,P-003,2026-05-07,Not as Expected
R-402,O-2384,P-040,2026-02-28,Defective
R-403,O-261,P-036,2025-05-09,Wrong Product
R-404,O-3012,P-061,2026-03-31,Damaged
R-405,O-1273,P-055,2025-11-07,Damaged
R-406,O-1621,P-006,2025-12-26,Wrong Product
R-407,O-3048,P-009,2025-05-19,Defective
R-408,O-3297,P-029,2025-11-07,Not as Expected
R-409,O-810,P-022,2025-03-05,Defective
R-410,O-2386,P-027,2025-08-31,Damaged
R-411,O-2285,P-029,2025-08-09,Damaged
R-412,O-1485,P-019,2025-01-30,Not as Expected
R-413,O-1912,P-061,2025-12-27,Damaged
R-414,O-1188,P-040,2026-06-04,Damaged
R-415,O-018,P-007,2025-03-18,Late Delivery
R-416,O-2321,P-058,2025-10-01,Changed Mind
R-417,O-1598,P-017,2025-11-01,Defective
R-418,O-206,P-064,2025-06-12,Not as Expected
R-419,O-1149,P-078,2025-07-07,Wrong Product
R-420,O-2414,P-014,2025-03-13,Defective
R-421,O-386,P-050,2026-06-14,Late Delivery
R-422,O-3200,P-038,2026-06-25,Damaged
R-423,O-1958,P-010,2026-02-03,Late Delivery
R-424,O-1251,P-031,2025-12-19,Late Delivery
R-425,O-313,P-038,2026-02-11,Damaged
R-426,O-2319,P-059,2025-09-23,Wrong Product
R-427,O-3241,P-042,2025-09-27,Defective
R-428,O-421,P-016,2026-04-23,Changed Mind
R-429,O-2821,P-024,2026-05-30,Wrong Product
R-430,O-106,P-056,2025-09-12,Wrong Product
R-431,O-3348,P-065,2025-07-29,Damaged
R-432,O-675,P-040,2026-06-25,Late Delivery
R-433,O-316,P-068,2025-04-05,Damaged
R-434,O-2342,P-038,2025-04-16,Defective
R-435,O-1923,P-035,2025-10-04,Damaged
R-436,O-1562,P-034,2025-03-11,Damaged
R-437,O-1630,P-076,2025-08-29,Changed Mind
R-438,O-464,P-003,2026-07-18,Not as Expected
R-439,O-065,P-064,2025-09-12,Defective
R-440,O-1721,P-037,2025-03-29,Wrong Product
R-441,O-1275,P-040,2026-02-22,Not as Expected
R-442,O-2083,P-022,2025-02-08,Wrong Product
R-443,O-370,P-001,2025-04-12,Late Delivery
R-444,O-980,P-077,2025-06-28,Damaged
R-445,O-994,P-009,2026-01-25,Wrong Product
R-446,O-2648,P-006,2025-09-16,Changed Mind
R-447,O-1335,P-059,2025-04-21,Wrong Product
R-448,O-1485,P-066,2025-01-23,Late Delivery
R-449,O-1541,P-035,2026-03-26,Late Delivery
R-450,O-3397,P-002,2026-02-14,Late Delivery
